movie,filename,goodforairplane,trailer
Seventh Son,Seventh_Son,1,http://www.imdb.com/video/imdb/vi1803464473/?ref_=tt_ov_vi
Welcome to Me,Welcome_to_Me,0,http://www.imdb.com/video/imdb/vi226471449/?ref_=tt_ov_vi
The Judge,The_Judge,0,http://www.imdb.com/video/imdb/vi1286123289/?ref_=tt_ov_vi
Transformers  Age of Extinction,Transformers__Age_of_Extinction,0,http://www.imdb.com/video/imdb/vi3138759961/?ref_=tt_ov_vi
The Normal Heart,The_Normal_Heart,1,http://www.imdb.com/video/imdb/vi2749541657/?ref_=tt_ov_vi
The Phantom Tollbooth,The_Phantom_Tollbooth,1,https://www.youtube.com/watch?v=V7Co7UZ02_0
Andaz Apna Apna,Andaz_Apna_Apna,1,https://www.youtube.com/watch?v=fd_w7Qw8biU
Hotel Transylvania,Hotel_Transylvania,1,http://www.imdb.com/video/imdb/vi2571739673/?ref_=tt_ov_vi
The Matrix,The_Matrix,1,http://www.imdb.com/video/imdb/vi1032782617/?ref_=tt_ov_vi
Into the Wild,Into_the_Wild,1,http://www.imdb.com/video/imdb/vi1051656473/?ref_=tt_ov_vi
Jerry Maguire,Jerry_Maguire,0,http://www.imdb.com/video/imdb/vi878683161/?ref_=tt_ov_vi
Lord of the Flies,Lord_of_the_Flies,0,https://www.youtube.com/watch?v=NH0KvUFZj4A
The Great Gatsby,The_Great_Gatsby,0,http://www.imdb.com/video/imdb/vi2949817881/?ref_=tt_ov_vi
Inherent Vice,Inherent_Vice,0,http://www.imdb.com/video/imdb/vi4155813401/?ref_=tt_ov_vi
Donnie Darko,Donnie_Darko,1,http://www.imdb.com/video/imdb/vi1067647257/?ref_=tt_ov_vi
Anna Karenina,Anna_Karenina,1,http://www.imdb.com/video/imdb/vi675914265/?ref_=tt_ov_vi
American Gangster,American_Gangster,1,http://www.imdb.com/video/imdb/vi3216048409/?ref_=tt_ov_vi
Full Metal Jacket,Full_Metal_Jacket,1,https://www.youtube.com/watch?v=x9f6JaaX7Wg
Words and Pictures,Words_and_Pictures,1,http://www.imdb.com/video/imdb/vi508013081/?ref_=tt_ov_vi
John Wick,John_Wick,1,http://www.imdb.com/video/imdb/vi2273816345/?ref_=tt_ov_vi
The Fault in Our Stars,The_Fault_in_Our_Stars,0,http://www.imdb.com/video/imdb/vi2313071897/?ref_=tt_ov_vi
The Cobbler,The_Cobbler,0,http://www.imdb.com/video/imdb/vi2221190681/?ref_=tt_ov_vi
The Hobbit  The Desolation of Smaug,The_Hobbit__The_Desolation_of_Smaug,1,http://www.imdb.com/video/imdb/vi2165155865/?ref_=tt_ov_vi
Jack Reacher,Jack_Reacher,0,http://www.imdb.com/video/imdb/vi1158194201/?ref_=tt_ov_vi
The Book of Life,The_Book_of_Life,1,http://www.imdb.com/video/imdb/vi840674329/?ref_=tt_ov_vi
Let's Be Cops,Let's_Be_Cops,1,http://www.imdb.com/video/imdb/vi3031084057/?ref_=tt_ov_vi
A Single Man,A_Single_Man,1,http://www.imdb.com/video/imdb/vi3409642521/?ref_=tt_ov_vi
Casino Royale,Casino_Royale,1,http://www.imdb.com/video/imdb/vi1859520025/?ref_=tt_ov_vi
Ode to My Father,Ode_to_My_Father,1,http://www.imdb.com/video/imdb/vi1399631641/?ref_=tt_ov_vi
Dirty Dancing,Dirty_Dancing,1,http://www.imdb.com/video/imdb/vi4074439449/?ref_=tt_ov_vi
V for Vendetta,V_for_Vendetta,0,http://www.imdb.com/video/imdb/vi4276093209/?ref_=tt_ov_vi
Brother Bear,Brother_Bear,0,http://www.imdb.com/video/imdb/vi3051159833/?ref_=tt_ov_vi
Babar  The Movie,Babar__The_Movie,0,https://www.youtube.com/watch?v=3SEM5pUs9qg
The Parent Trap,The_Parent_Trap,0,https://www.youtube.com/watch?v=32WeiH4TrIY
Bros Before Hos,Bros_Before_Hos,1,https://www.youtube.com/watch?v=kYjkfdPMPB4
Moulin Rouge!,Moulin_Rouge!,1,http://www.imdb.com/video/imdb/vi1821835545/?ref_=tt_ov_vi
Total Recall,Total_Recall,1,http://www.imdb.com/video/imdb/vi184484121/?ref_=tt_ov_vi
American Pie,American_Pie,1,http://www.imdb.com/video/imdb/vi1622540569/?ref_=tt_ov_vi
Shakespeare in Love,Shakespeare_in_Love,1,http://www.imdb.com/video/imdb/vi2497749273/?ref_=tt_ov_vi
Bobby Jasoos,Bobby_Jasoos,1,http://www.imdb.com/video/imdb/vi687582233/?ref_=tt_ov_vi
Boogie Nights,Boogie_Nights,0,http://www.imdb.com/video/imdb/vi2361065753/?ref_=tt_ov_vi
Excuse My French,Excuse_My_French,0,https://www.youtube.com/watch?v=yzANcXAOT2A
Chef,Chef,0,http://www.imdb.com/video/imdb/vi3075386649/?ref_=tt_ov_vi
Le Samourai,Le_Samourai,0,https://www.youtube.com/watch?v=Fs0XYssIlbo
The Lizzie McGuire Movie,The_Lizzie_McGuire_Movie,1,http://www.imdb.com/video/imdb/vi17761049/?ref_=tt_ov_vi
Khumba,Khumba,1,http://www.imdb.com/video/imdb/vi2911414297/?ref_=tt_ov_vi
A Fish Called Wanda,A_Fish_Called_Wanda,1,https://www.youtube.com/watch?v=dqAJUlSRCwo
Homies,Homies,1,https://www.youtube.com/watch?v=CflOPal5reA
Mulan,Mulan,1,http://www.imdb.com/video/imdb/vi3411542297/?ref_=tt_ov_vi
The Maze Runner,The_Maze_Runner,1,http://www.imdb.com/video/imdb/vi1344318489/?ref_=tt_ov_vi
Nightcrawler,Nightcrawler,0,http://www.imdb.com/video/imdb/vi4179799833/?ref_=tt_ov_vi
Elsa   Fred,Elsa___Fred,0,https://www.youtube.com/watch?v=TnORJy_2tzg
RED,RED,0,http://www.imdb.com/video/imdb/vi2156856857/?ref_=tt_ov_vi
Khoobsurat,Khoobsurat,0,http://www.imdb.com/video/imdb/vi766553881/?ref_=tt_ov_vi
Interstellar,Interstellar,1,http://www.imdb.com/video/imdb/vi1586278169/?ref_=tt_ov_vi
Night at the Museum  Secret of the Tomb,Night_at_the_Museum__Secret_of_the_Tomb,1,http://www.imdb.com/video/imdb/vi4060720921/?ref_=tt_ov_vi
The Hunger Games,The_Hunger_Games,1,http://www.imdb.com/video/imdb/vi3358368281/?ref_=tt_ov_vi
The Babadook,The_Babadook,1,http://www.imdb.com/video/imdb/vi1349234457/?ref_=tt_ov_vi
Big Hero 6,Big_Hero_6,1,http://www.imdb.com/video/imdb/vi513650457/?ref_=tt_ov_vi
The Imitation Game,The_Imitation_Game,1,http://www.imdb.com/video/imdb/vi3398414105/?ref_=tt_ov_vi
Looney Tunes  Back in Action,Looney_Tunes__Back_in_Action,0,http://www.imdb.com/video/imdb/vi3549626649/?ref_=tt_ov_vi
The Hunger Games  Catching Fire,The_Hunger_Games__Catching_Fire,0,http://www.imdb.com/video/imdb/vi4243236889/?ref_=tt_ov_vi
Hook,Hook,0,http://www.imdb.com/video/imdb/vi845128729/?ref_=tt_ov_vi
Exodus  Gods and Kings,Exodus__Gods_and_Kings,0,http://www.imdb.com/video/imdb/vi1381084953/?ref_=tt_ov_vi
Invincible,Invincible,1,http://www.imdb.com/video/imdb/vi1129159961/?ref_=tt_ov_vi
Some Like It Hot,Some_Like_It_Hot,1,http://www.imdb.com/video/imdb/vi2371683353/?ref_=tt_ov_vi
The Reader,The_Reader,1,http://www.imdb.com/video/imdb/vi1750597657/?ref_=tt_ov_vi
The Birdcage,The_Birdcage,1,http://www.imdb.com/video/imdb/vi480576793/?ref_=tt_ov_vi
The Theory of Everything,The_Theory_of_Everything,1,http://www.imdb.com/video/imdb/vi3801067289/?ref_=tt_ov_vi
Black Swan,Black_Swan,1,http://www.imdb.com/video/imdb/vi3985807385/?ref_=tt_ov_vi
Maine Pyar Kiya,Maine_Pyar_Kiya,0,https://www.youtube.com/watch?v=kW3gjVoXv9I
Still Alice,Still_Alice,0,http://www.imdb.com/video/imdb/vi484748825/?ref_=tt_ov_vi
My Week with Marilyn,My_Week_with_Marilyn,0,http://www.imdb.com/video/imdb/vi3466567193/?ref_=tt_ov_vi
Bhoothnath Returns,Bhoothnath_Returns,0,https://www.youtube.com/watch?v=BpC-Owk5MNY
Grand Piano,Grand_Piano,1,http://www.imdb.com/video/imdb/vi2304944153/?ref_=tt_ov_vi
Into the Woods,Into_the_Woods,1,http://www.imdb.com/video/imdb/vi1175760665/?ref_=tt_ov_vi
The Blair Witch Project,The_Blair_Witch_Project,1,http://www.imdb.com/video/imdb/vi9044249/?ref_=tt_ov_vi
Monsters University,Monsters_University,1,http://www.imdb.com/video/imdb/vi2206049817/?ref_=tt_ov_vi
Mr. Go,Mr._Go,1,https://www.youtube.com/watch?v=bSCB5eTyp58
This Is Where I Leave You,This_Is_Where_I_Leave_You,1,http://www.imdb.com/video/imdb/vi1719577881/?ref_=tt_ov_vi
The Bourne Legacy,The_Bourne_Legacy,0,http://www.imdb.com/video/imdb/vi1065461017/?ref_=tt_ov_vi
Wild Tales,Wild_Tales,0,http://www.imdb.com/video/imdb/vi3777932825/?ref_=tt_ov_vi
The Dark Knight,The_Dark_Knight,0,http://www.imdb.com/video/imdb/vi324468761/?ref_=tt_ov_vi
Predestination,Predestination,0,http://www.imdb.com/video/imdb/vi100904729/?ref_=tt_ov_vi
Robin Hood,Robin_Hood,1,http://www.imdb.com/video/imdb/vi73860121/?ref_=tt_ov_vi
A Million Ways to Die in the West,A_Million_Ways_to_Die_in_the_West,1,http://www.imdb.com/video/imdb/vi2623188249/?ref_=tt_ov_vi
Drive,Drive,0,http://www.imdb.com/video/imdb/vi2772212761/?ref_=tt_ov_vi
Bronson,Bronson,0,http://www.imdb.com/video/imdb/vi1194066457/?ref_=tt_ov_vi
The Last Days on Mars,The_Last_Days_on_Mars,0,http://www.imdb.com/video/imdb/vi1046194457/?ref_=tt_ov_vi
The Reluctant Dragon,The_Reluctant_Dragon,0,http://www.imdb.com/video/imdb/vi1403716121/?ref_=tt_ov_vi
Live Nude Girls,Live_Nude_Girls,0,https://www.youtube.com/watch?v=RrjF-FSFrfo
Pulp Fiction,Pulp_Fiction,0,https://www.youtube.com/watch?v=s7EdQ4FqbhY
Perez,Perez,0,https://www.youtube.com/watch?v=HsXRKgzs1Kk
A Goofy Movie,A_Goofy_Movie,0,https://www.youtube.com/watch?v=Ou94SEYa9jI
Mean Girls,Mean_Girls,0,http://www.imdb.com/video/imdb/vi3868524825/?ref_=tt_ov_vi